{
  "mqtt:topic:bme_thing": {
    "class": "org.eclipse.smarthome.core.thing.internal.ThingImpl",
    "value": {
      "label": "Generic MQTT Thing",
      "bridgeUID": {
        "segments": [
          "mqtt",
          "broker",
          "myUnsecureBroker"
        ]
      },
      "channels": [
        {
          "acceptedItemType": "Number",
          "kind": "STATE",
          "uid": {
            "segments": [
              "mqtt",
              "topic",
              "bme_thing",
              "bme_channel"
            ]
          },
          "channelTypeUID": {
            "segments": [
              "mqtt",
              "number"
            ]
          },
          "label": "Temeperature_8266",
          "configuration": {
            "properties": {
              "stateTopic": "Uwe8266/bme/temp"
            }
          },
          "properties": {},
          "defaultTags": []
        }
      ],
      "configuration": {
        "properties": {}
      },
      "properties": {},
      "uid": {
        "segments": [
          "mqtt",
          "topic",
          "bme_thing"
        ]
      },
      "thingTypeUID": {
        "segments": [
          "mqtt",
          "topic"
        ]
      }
    }
  }
}