{
  "GenericMQTTThing_Temperature_l -\u003e mqtt:topic:b6278008:bme_channel": {
    "class": "org.eclipse.smarthome.core.thing.link.ItemChannelLink",
    "value": {
      "channelUID": {
        "segments": [
          "mqtt",
          "topic",
          "b6278008",
          "bme_channel"
        ]
      },
      "configuration": {
        "properties": {
          "profile": "system:default"
        }
      },
      "itemName": "GenericMQTTThing_Temperature_l"
    }
  },
  "GenericMQTTThing_Temeperature_8266 -\u003e mqtt:topic:bme_thing:bme_channel": {
    "class": "org.eclipse.smarthome.core.thing.link.ItemChannelLink",
    "value": {
      "channelUID": {
        "segments": [
          "mqtt",
          "topic",
          "bme_thing",
          "bme_channel"
        ]
      },
      "configuration": {
        "properties": {
          "profile": "system:default"
        }
      },
      "itemName": "GenericMQTTThing_Temeperature_8266"
    }
  }
}